title,publisher,official_url,doc_type,path_ids,scope,retrieved_at,notes
Visti per l'Italia portal,MAECI,https://vistoperitalia.esteri.it/?lang=it_IT,portal,italy_digital_nomad|italy_remote_worker,national,2026-10-08,Indicative visa wizard; not a dedicated nomad checklist. Liveness check only on 2026-10-08; page content not reviewed.
Long-stay national visa rights and duties (over 90 days),MAECI,https://vistoperitalia.esteri.it/infovisto?code=13_0_D,procedure,italy_digital_nomad|italy_remote_worker,national,2026-10-03,General type D / long-stay info including permesso duty; no dedicated nomad checklist on this page.
Prenot@Mi visa appointment portal,MAECI,https://prenotami.esteri.it/,portal,italy_digital_nomad|italy_remote_worker,national,2026-10-08,Sole booking system for all 10 US career posts. Do not scrape queues or sessions. Liveness check only on 2026-10-08; page content not reviewed.
Interministerial decree 29 February 2024 — digital nomad and remote worker (Art. 1),Gazzetta Ufficiale,https://www.gazzettaufficiale.it/atto/serie_generale/caricaArticolo?art.codiceRedazionale=24A01716&art.dataPubblicazioneGazzetta=2024-04-04&art.idArticolo=1&art.idGruppo=0&art.idSottoArticolo=1&art.idSottoArticolo1=10&art.progressivo=0&art.versione=1,decree,italy_digital_nomad|italy_remote_worker,national,2026-10-03,GU 24A01716 published 2024-04-04. Primary implementing decree for both categories. Article deep-link; decree runs Arts. 1–7.
Consolidated immigration act D.Lgs. 286/1998 (Testo Unico),Normattiva,https://www.normattiva.it/uri-res/N2Ls?urn:nir:stato:decreto.legislativo:1998-07-25;286,law,italy_digital_nomad|italy_remote_worker,national,2026-10-03,Enabling framework including art. 27 q-bis / 1-sexies category; use with Gazzetta decree for current rules.
Highly qualified worker definition — art. 27-quater D.Lgs. 286/1998,Normattiva,https://www.normattiva.it/uri-res/N2Ls?urn:nir:stato:decreto.legislativo:1998-07-25;286~art27quater,law,italy_digital_nomad|italy_remote_worker,national,2026-10-03,Qualification alternatives referenced by decree Art. 2.2.
Issue of the permesso di soggiorno,Polizia di Stato,https://www.poliziadistato.it/articolo/225,procedure,italy_digital_nomad|italy_remote_worker,questura,2026-10-03,Eight working days; contribution tiers; average issue time. Pair with decree Art. 4.2 (Questura channel).
US consular network — jurisdiction map,Embassy of Italy Washington,https://ambwashingtondc.esteri.it/en/chi-siamo/la-rete-consolare/,consular_guidance,italy_digital_nomad|italy_remote_worker,US-consulate:washington,2026-10-03,Authoritative list of 10 US career visa posts and county/state jurisdictions. Honorary offices are not visa posts.
Digital nomad / remote worker visa checklist (Washington PDF 2026),Embassy of Italy Washington,https://ambwashingtondc.esteri.it/wp-content/uploads/2026/02/Digital-nomad-Remote-Worker-Visa-2026.pdf,consular_guidance,italy_digital_nomad|italy_remote_worker,US-consulate:washington,2026-10-03,Post-specific document list and income wording for DC jurisdiction.
Visa appointment booking instructions (Washington),Embassy of Italy Washington,https://ambwashingtondc.esteri.it/en/servizi-consolari-e-visti/servizi-per-il-cittadino-straniero/visti/prenotazione-appuntamenti/,consular_guidance,italy_digital_nomad|italy_remote_worker,US-consulate:washington,2026-10-03,Requires email to visti.washington@esteri.it before booking elective residence or nomad/remote-worker visas.
Digital nomad / remote worker visa (New York),Consulate General of Italy New York,https://consnewyork.esteri.it/en/servizi-consolari-e-visti/servizi-per-il-cittadino-straniero/visti/visas-to-enter-italy/digital-nomad-remote-worker-visa/,consular_guidance,italy_digital_nomad|italy_remote_worker,US-consulate:new-york,2026-10-03,Post checklist and evidence rules for NY jurisdiction.
Digital nomad / remote worker visa (Los Angeles),Consulate General of Italy Los Angeles,https://conslosangeles.esteri.it/en/servizi-consolari-e-visti/servizi-per-il-cittadino-straniero/visti/visa-type/digital-nomad-remote-worker-visa/,consular_guidance,italy_digital_nomad|italy_remote_worker,US-consulate:los-angeles,2026-10-03,Post checklist; notes fingerprinting for national visas from 11 Jan 2025.
Digital nomad visa checklist (San Francisco PDF),Consulate General of Italy San Francisco,https://conssanfrancisco.esteri.it/wp-content/uploads/2024/05/DIGITAL-NOMAD-VISA.pdf,consular_guidance,italy_digital_nomad|italy_remote_worker,US-consulate:san-francisco,2026-10-03,PDF checklist; appointment instructions point to post webpage / Prenot@Mi.
Digital nomad / remote worker visa (Boston),Consulate General of Italy Boston,https://consboston.esteri.it/en/servizi-consolari-e-visti/servizi-per-il-cittadino-straniero/visti/digital-nomad-remote-worker/,consular_guidance,italy_digital_nomad|italy_remote_worker,US-consulate:boston,2026-10-03,Post checklist for New England jurisdiction.
Digital nomad visa checklist (Chicago PDF),Consulate General of Italy Chicago,https://conschicago.esteri.it/wp-content/uploads/2024/08/SF_DIGITAL-NOMAD-VISA_Rev.-17-05-2024.pdf,consular_guidance,italy_digital_nomad|italy_remote_worker,US-consulate:chicago,2026-10-03,PDF checklist Rev. 17-05-2024; appointment instructions on separate post page.
Digital nomad visa checklist (Detroit PDF),Consulate of Italy Detroit,https://consdetroit.esteri.it/wp-content/uploads/2024/05/Nomade-Digitale-Visa.pdf,consular_guidance,italy_digital_nomad|italy_remote_worker,US-consulate:detroit,2026-10-03,PDF checklist; email appointment requests not accepted (Prenot@Mi only).
Digital nomad visa (Houston),Consulate General of Italy Houston,https://conshouston.esteri.it/en/servizi-consolari-e-visti/servizi-per-il-cittadino-straniero/visti/digital-nomad/,consular_guidance,italy_digital_nomad|italy_remote_worker,US-consulate:houston,2026-10-03,Book national visa on Prenot@Mi and indicate digital nomad or remote work.
Self-employed digital nomad checklist (Miami PDF),Consulate General of Italy Miami,https://consmiami.esteri.it/wp-content/uploads/2024/05/LAVORO-AUTONOMO-NOMAD-VISA.pdf,consular_guidance,italy_digital_nomad,US-consulate:miami,2026-10-03,Miami publishes separate PDFs for self-employed nomad vs subordinate remote worker.
Remote worker (subordinate) checklist (Miami PDF),Consulate General of Italy Miami,https://consmiami.esteri.it/wp-content/uploads/2024/05/LAVORO-SUBORDINATO-LAVORATORE-DA-REMOTO.pdf,consular_guidance,italy_remote_worker,US-consulate:miami,2026-10-03,Companion PDF to Miami self-employed nomad checklist.
Visa categories including digital nomad / remote worker (Philadelphia),Consulate General of Italy Philadelphia,https://consfiladelfia.esteri.it/en/servizi-consolari-e-visti/servizi-per-il-cittadino-straniero/visti/visa-categories/,consular_guidance,italy_digital_nomad|italy_remote_worker,US-consulate:philadelphia,2026-10-03,Requirements under Digital nomad / Remote worker visa category.
